accepted,bundle_path,campaign_id,candidate_id,code_commit,connected_component_count,created_at_utc,degree_cv,density,environment_target,family,instance_id,intended_hypothesis,largest_component_size,lifecycle_state,modularity,num_edges,num_vertices,params_json,pool_role,rejection_reason,seed,solver_results_used,validation_passed,validation_report_path,variant
True,/home/brunoonurb/MPP/audit_reports/multilevel_exception_mining/candidate_pool/exploratory_pool_001/bundles/F01/f01_common_a_seed990101,EXP-MULTILEVEL-EXCEPTION-MINING-001,f01_common_a_seed990101,b560db1c35ad6689fd13a8312963479740604acb,1,2026-05-07T14:52:44.212328+00:00,0.3501576714096583,0.04889937106918239,common,F01,f01_common_a_seed990101,modular-noise stress case for multilevel coarsening and quality-time behavior; intended environment stratum: common,160,generated,0.589880946226776,622,160,{},exploratory_candidate,,990101,False,True,/home/brunoonurb/MPP/audit_reports/multilevel_exception_mining/candidate_pool/exploratory_pool_001/validation_reports/f01_common_a_seed990101.json,common_a
True,/home/brunoonurb/MPP/audit_reports/multilevel_exception_mining/candidate_pool/exploratory_pool_001/bundles/F01/f01_common_b_seed990102,EXP-MULTILEVEL-EXCEPTION-MINING-001,f01_common_b_seed990102,b560db1c35ad6689fd13a8312963479740604acb,1,2026-05-07T14:52:44.501450+00:00,0.3063053023674365,0.05055031446540881,common,F01,f01_common_b_seed990102,modular-noise stress case for multilevel coarsening and quality-time behavior; intended environment stratum: common,160,generated,0.6036330962222669,643,160,{},exploratory_candidate,,990102,False,True,/home/brunoonurb/MPP/audit_reports/multilevel_exception_mining/candidate_pool/exploratory_pool_001/validation_reports/f01_common_b_seed990102.json,common_b
True,/home/brunoonurb/MPP/audit_reports/multilevel_exception_mining/candidate_pool/exploratory_pool_001/bundles/F01/f01_common_c_seed990103,EXP-MULTILEVEL-EXCEPTION-MINING-001,f01_common_c_seed990103,b560db1c35ad6689fd13a8312963479740604acb,1,2026-05-07T14:52:44.792188+00:00,0.3209279579414685,0.048820754716981135,common,F01,f01_common_c_seed990103,modular-noise stress case for multilevel coarsening and quality-time behavior; intended environment stratum: common,160,generated,0.5921452853820004,621,160,{},exploratory_candidate,,990103,False,True,/home/brunoonurb/MPP/audit_reports/multilevel_exception_mining/candidate_pool/exploratory_pool_001/validation_reports/f01_common_c_seed990103.json,common_c
True,/home/brunoonurb/MPP/audit_reports/multilevel_exception_mining/candidate_pool/exploratory_pool_001/bundles/F01/f01_common_scaled_seed990104,EXP-MULTILEVEL-EXCEPTION-MINING-001,f01_common_scaled_seed990104,b560db1c35ad6689fd13a8312963479740604acb,1,2026-05-07T14:52:45.070720+00:00,0.33356670586680565,0.03613264427217915,common,F01,f01_common_scaled_seed990104,modular-noise stress case for multilevel coarsening and quality-time behavior; intended environment stratum: common,216,generated,0.6289455776997703,839,216,"{""communities"": 5, ""epsilon"": 0.033, ""n"": 216}",exploratory_candidate,,990104,False,True,/home/brunoonurb/MPP/audit_reports/multilevel_exception_mining/candidate_pool/exploratory_pool_001/validation_reports/f01_common_scaled_seed990104.json,common_scaled
True,/home/brunoonurb/MPP/audit_reports/multilevel_exception_mining/candidate_pool/exploratory_pool_001/bundles/F01/f01_server_a_seed990105,EXP-MULTILEVEL-EXCEPTION-MINING-001,f01_server_a_seed990105,b560db1c35ad6689fd13a8312963479740604acb,1,2026-05-07T14:52:45.342810+00:00,0.290137359710879,0.050314465408805034,server_expanded,F01,f01_server_a_seed990105,modular-noise stress case for multilevel coarsening and quality-time behavior; intended environment stratum: server_expanded,160,generated,0.579456787109375,640,160,{},exploratory_candidate,,990105,False,True,/home/brunoonurb/MPP/audit_reports/multilevel_exception_mining/candidate_pool/exploratory_pool_001/validation_reports/f01_server_a_seed990105.json,server_a
True,/home/brunoonurb/MPP/audit_reports/multilevel_exception_mining/candidate_pool/exploratory_pool_001/bundles/F01/f01_server_b_seed990106,EXP-MULTILEVEL-EXCEPTION-MINING-001,f01_server_b_seed990106,b560db1c35ad6689fd13a8312963479740604acb,1,2026-05-07T14:52:45.632666+00:00,0.34923615021606974,0.04819182389937107,server_expanded,F01,f01_server_b_seed990106,modular-noise stress case for multilevel coarsening and quality-time behavior; intended environment stratum: server_expanded,160,generated,0.5961734469847166,613,160,{},exploratory_candidate,,990106,False,True,/home/brunoonurb/MPP/audit_reports/multilevel_exception_mining/candidate_pool/exploratory_pool_001/validation_reports/f01_server_b_seed990106.json,server_b
True,/home/brunoonurb/MPP/audit_reports/multilevel_exception_mining/candidate_pool/exploratory_pool_001/bundles/F01/f01_server_scaled_seed990107,EXP-MULTILEVEL-EXCEPTION-MINING-001,f01_server_scaled_seed990107,b560db1c35ad6689fd13a8312963479740604acb,1,2026-05-07T14:52:45.888588+00:00,0.3172000767399388,0.02974910394265233,server_expanded,F01,f01_server_scaled_seed990107,modular-noise stress case for multilevel coarsening and quality-time behavior; intended environment stratum: server_expanded,280,generated,0.6869425081688938,1162,280,"{""communities"": 6, ""epsilon"": 0.036, ""n"": 280}",exploratory_candidate,,990107,False,True,/home/brunoonurb/MPP/audit_reports/multilevel_exception_mining/candidate_pool/exploratory_pool_001/validation_reports/f01_server_scaled_seed990107.json,server_scaled
True,/home/brunoonurb/MPP/audit_reports/multilevel_exception_mining/candidate_pool/exploratory_pool_001/bundles/F01/f01_holdout_a_seed990108,EXP-MULTILEVEL-EXCEPTION-MINING-001,f01_holdout_a_seed990108,b560db1c35ad6689fd13a8312963479740604acb,1,2026-05-07T14:52:46.159609+00:00,0.29275242806092794,0.05070754716981132,holdout,F01,f01_holdout_a_seed990108,modular-noise stress case for multilevel coarsening and quality-time behavior; intended environment stratum: holdout,160,holdout_reserved,0.6127804819421909,645,160,{},reserved_holdout,,990108,False,True,/home/brunoonurb/MPP/audit_reports/multilevel_exception_mining/candidate_pool/exploratory_pool_001/validation_reports/f01_holdout_a_seed990108.json,holdout_a
True,/home/brunoonurb/MPP/audit_reports/multilevel_exception_mining/candidate_pool/exploratory_pool_001/bundles/F02/f02_common_a_seed990201,EXP-MULTILEVEL-EXCEPTION-MINING-001,f02_common_a_seed990201,b560db1c35ad6689fd13a8312963479740604acb,1,2026-05-07T14:52:46.422402+00:00,0.10622230033996563,0.1,common,F02,f02_common_a_seed990201,chain/ring module topology with narrow inter-module cuts; intended environment stratum: common,160,generated,0.8639257248526562,1272,160,{},exploratory_candidate,,990201,False,True,/home/brunoonurb/MPP/audit_reports/multilevel_exception_mining/candidate_pool/exploratory_pool_001/validation_reports/f02_common_a_seed990201.json,common_a
True,/home/brunoonurb/MPP/audit_reports/multilevel_exception_mining/candidate_pool/exploratory_pool_001/bundles/F02/f02_common_b_seed990202,EXP-MULTILEVEL-EXCEPTION-MINING-001,f02_common_b_seed990202,b560db1c35ad6689fd13a8312963479740604acb,1,2026-05-07T14:52:46.706237+00:00,0.09086550610228138,0.10086477987421384,common,F02,f02_common_b_seed990202,chain/ring module topology with narrow inter-module cuts; intended environment stratum: common,160,generated,0.8640237557021522,1283,160,{},exploratory_candidate,,990202,False,True,/home/brunoonurb/MPP/audit_reports/multilevel_exception_mining/candidate_pool/exploratory_pool_001/validation_reports/f02_common_b_seed990202.json,common_b
True,/home/brunoonurb/MPP/audit_reports/multilevel_exception_mining/candidate_pool/exploratory_pool_001/bundles/F02/f02_common_c_seed990203,EXP-MULTILEVEL-EXCEPTION-MINING-001,f02_common_c_seed990203,b560db1c35ad6689fd13a8312963479740604acb,1,2026-05-07T14:52:46.978239+00:00,0.11237472341339254,0.09772012578616353,common,F02,f02_common_c_seed990203,chain/ring module topology with narrow inter-module cuts; intended environment stratum: common,160,generated,0.8636515735099665,1243,160,{},exploratory_candidate,,990203,False,True,/home/brunoonurb/MPP/audit_reports/multilevel_exception_mining/candidate_pool/exploratory_pool_001/validation_reports/f02_common_c_seed990203.json,common_c
True,/home/brunoonurb/MPP/audit_reports/multilevel_exception_mining/candidate_pool/exploratory_pool_001/bundles/F02/f02_common_scaled_seed990204,EXP-MULTILEVEL-EXCEPTION-MINING-001,f02_common_scaled_seed990204,b560db1c35ad6689fd13a8312963479740604acb,1,2026-05-07T14:52:47.236126+00:00,0.07206531643295583,0.09670634920634921,common,F02,f02_common_scaled_seed990204,chain/ring module topology with narrow inter-module cuts; intended environment stratum: common,225,generated,0.8790114075355504,2437,225,"{""epsilon"": 0.033, ""inter_module_edges"": 3, ""intra_module_density"": 0.8800000000000001, ""module_count"": 9, ""module_size"": 25}",exploratory_candidate,,990204,False,True,/home/brunoonurb/MPP/audit_reports/multilevel_exception_mining/candidate_pool/exploratory_pool_001/validation_reports/f02_common_scaled_seed990204.json,common_scaled
True,/home/brunoonurb/MPP/audit_reports/multilevel_exception_mining/candidate_pool/exploratory_pool_001/bundles/F02/f02_server_a_seed990205,EXP-MULTILEVEL-EXCEPTION-MINING-001,f02_server_a_seed990205,b560db1c35ad6689fd13a8312963479740604acb,1,2026-05-07T14:52:47.482204+00:00,0.1045343444693774,0.09677672955974843,server_expanded,F02,f02_server_a_seed990205,chain/ring module topology with narrow inter-module cuts; intended environment stratum: server_expanded,160,generated,0.8634021860137617,1231,160,{},exploratory_candidate,,990205,False,True,/home/brunoonurb/MPP/audit_reports/multilevel_exception_mining/candidate_pool/exploratory_pool_001/validation_reports/f02_server_a_seed990205.json,server_a
True,/home/brunoonurb/MPP/audit_reports/multilevel_exception_mining/candidate_pool/exploratory_pool_001/bundles/F02/f02_server_b_seed990206,EXP-MULTILEVEL-EXCEPTION-MINING-001,f02_server_b_seed990206,b560db1c35ad6689fd13a8312963479740604acb,1,2026-05-07T14:52:47.725019+00:00,0.11071786733253,0.09756289308176101,server_expanded,F02,f02_server_b_seed990206,chain/ring module topology with narrow inter-module cuts; intended environment stratum: server_expanded,160,generated,0.8635740587670389,1241,160,{},exploratory_candidate,,990206,False,True,/home/brunoonurb/MPP/audit_reports/multilevel_exception_mining/candidate_pool/exploratory_pool_001/validation_reports/f02_server_b_seed990206.json,server_b
True,/home/brunoonurb/MPP/audit_reports/multilevel_exception_mining/candidate_pool/exploratory_pool_001/bundles/F02/f02_server_scaled_seed990207,EXP-MULTILEVEL-EXCEPTION-MINING-001,f02_server_scaled_seed990207,b560db1c35ad6689fd13a8312963479740604acb,1,2026-05-07T14:52:48.038678+00:00,0.04628533328613483,0.09273119122257054,server_expanded,F02,f02_server_scaled_seed990207,chain/ring module topology with narrow inter-module cuts; intended environment stratum: server_expanded,320,generated,0.8942839182155992,4733,320,"{""epsilon"": 0.036, ""inter_module_edges"": 3, ""intra_module_density"": 0.95, ""module_count"": 10, ""module_size"": 32}",exploratory_candidate,,990207,False,True,/home/brunoonurb/MPP/audit_reports/multilevel_exception_mining/candidate_pool/exploratory_pool_001/validation_reports/f02_server_scaled_seed990207.json,server_scaled
True,/home/brunoonurb/MPP/audit_reports/multilevel_exception_mining/candidate_pool/exploratory_pool_001/bundles/F02/f02_holdout_a_seed990208,EXP-MULTILEVEL-EXCEPTION-MINING-001,f02_holdout_a_seed990208,b560db1c35ad6689fd13a8312963479740604acb,1,2026-05-07T14:52:48.287938+00:00,0.11002667960206111,0.09842767295597485,holdout,F02,f02_holdout_a_seed990208,chain/ring module topology with narrow inter-module cuts; intended environment stratum: holdout,160,holdout_reserved,0.8637630270799946,1252,160,{},reserved_holdout,,990208,False,True,/home/brunoonurb/MPP/audit_reports/multilevel_exception_mining/candidate_pool/exploratory_pool_001/validation_reports/f02_holdout_a_seed990208.json,holdout_a
True,/home/brunoonurb/MPP/audit_reports/multilevel_exception_mining/candidate_pool/exploratory_pool_001/bundles/F03/f03_common_a_seed990301,EXP-MULTILEVEL-EXCEPTION-MINING-001,f03_common_a_seed990301,b560db1c35ad6689fd13a8312963479740604acb,1,2026-05-07T14:52:48.542200+00:00,0.3912642025870285,0.11576383939177952,common,F03,f03_common_a_seed990301,barbell/lollipop bottleneck topology with separator sensitivity; intended environment stratum: common,184,generated,,1949,184,{},exploratory_candidate,,990301,False,True,/home/brunoonurb/MPP/audit_reports/multilevel_exception_mining/candidate_pool/exploratory_pool_001/validation_reports/f03_common_a_seed990301.json,common_a
True,/home/brunoonurb/MPP/audit_reports/multilevel_exception_mining/candidate_pool/exploratory_pool_001/bundles/F03/f03_common_b_seed990302,EXP-MULTILEVEL-EXCEPTION-MINING-001,f03_common_b_seed990302,b560db1c35ad6689fd13a8312963479740604acb,1,2026-05-07T14:52:48.790116+00:00,0.3967206182821887,0.11101211689237349,common,F03,f03_common_b_seed990302,barbell/lollipop bottleneck topology with separator sensitivity; intended environment stratum: common,184,generated,,1869,184,{},exploratory_candidate,,990302,False,True,/home/brunoonurb/MPP/audit_reports/multilevel_exception_mining/candidate_pool/exploratory_pool_001/validation_reports/f03_common_b_seed990302.json,common_b
True,/home/brunoonurb/MPP/audit_reports/multilevel_exception_mining/candidate_pool/exploratory_pool_001/bundles/F03/f03_common_c_seed990303,EXP-MULTILEVEL-EXCEPTION-MINING-001,f03_common_c_seed990303,b560db1c35ad6689fd13a8312963479740604acb,1,2026-05-07T14:52:49.034408+00:00,0.3938103082861645,0.1133879781420765,common,F03,f03_common_c_seed990303,barbell/lollipop bottleneck topology with separator sensitivity; intended environment stratum: common,184,generated,,1909,184,{},exploratory_candidate,,990303,False,True,/home/brunoonurb/MPP/audit_reports/multilevel_exception_mining/candidate_pool/exploratory_pool_001/validation_reports/f03_common_c_seed990303.json,common_c
True,/home/brunoonurb/MPP/audit_reports/multilevel_exception_mining/candidate_pool/exploratory_pool_001/bundles/F03/f03_common_scaled_seed990304,EXP-MULTILEVEL-EXCEPTION-MINING-001,f03_common_scaled_seed990304,b560db1c35ad6689fd13a8312963479740604acb,1,2026-05-07T14:52:49.304117+00:00,0.4937809580557457,0.10176838579380326,common,F03,f03_common_scaled_seed990304,barbell/lollipop bottleneck topology with separator sensitivity; intended environment stratum: common,202,generated,,2066,202,"{""bridge_length"": 14, ""bridge_width"": 3, ""core_density"": 0.33, ""epsilon"": 0.033}",exploratory_candidate,,990304,False,True,/home/brunoonurb/MPP/audit_reports/multilevel_exception_mining/candidate_pool/exploratory_pool_001/validation_reports/f03_common_scaled_seed990304.json,common_scaled
True,/home/brunoonurb/MPP/audit_reports/multilevel_exception_mining/candidate_pool/exploratory_pool_001/bundles/F03/f03_server_a_seed990305,EXP-MULTILEVEL-EXCEPTION-MINING-001,f03_server_a_seed990305,b560db1c35ad6689fd13a8312963479740604acb,1,2026-05-07T14:52:49.566088+00:00,0.39538694141980774,0.11594202898550725,server_expanded,F03,f03_server_a_seed990305,barbell/lollipop bottleneck topology with separator sensitivity; intended environment stratum: server_expanded,184,generated,,1952,184,{},exploratory_candidate,,990305,False,True,/home/brunoonurb/MPP/audit_reports/multilevel_exception_mining/candidate_pool/exploratory_pool_001/validation_reports/f03_server_a_seed990305.json,server_a
True,/home/brunoonurb/MPP/audit_reports/multilevel_exception_mining/candidate_pool/exploratory_pool_001/bundles/F03/f03_server_b_seed990306,EXP-MULTILEVEL-EXCEPTION-MINING-001,f03_server_b_seed990306,b560db1c35ad6689fd13a8312963479740604acb,1,2026-05-07T14:52:49.815463+00:00,0.3913903926098583,0.11528866714183891,server_expanded,F03,f03_server_b_seed990306,barbell/lollipop bottleneck topology with separator sensitivity; intended environment stratum: server_expanded,184,generated,,1941,184,{},exploratory_candidate,,990306,False,True,/home/brunoonurb/MPP/audit_reports/multilevel_exception_mining/candidate_pool/exploratory_pool_001/validation_reports/f03_server_b_seed990306.json,server_b
True,/home/brunoonurb/MPP/audit_reports/multilevel_exception_mining/candidate_pool/exploratory_pool_001/bundles/F03/f03_server_scaled_seed990307,EXP-MULTILEVEL-EXCEPTION-MINING-001,f03_server_scaled_seed990307,b560db1c35ad6689fd13a8312963479740604acb,1,2026-05-07T14:52:50.075584+00:00,0.5615797424542774,0.10214558378307227,server_expanded,F03,f03_server_scaled_seed990307,barbell/lollipop bottleneck topology with separator sensitivity; intended environment stratum: server_expanded,214,generated,,2328,214,"{""bridge_length"": 18, ""bridge_width"": 3, ""core_density"": 0.36, ""epsilon"": 0.036}",exploratory_candidate,,990307,False,True,/home/brunoonurb/MPP/audit_reports/multilevel_exception_mining/candidate_pool/exploratory_pool_001/validation_reports/f03_server_scaled_seed990307.json,server_scaled
True,/home/brunoonurb/MPP/audit_reports/multilevel_exception_mining/candidate_pool/exploratory_pool_001/bundles/F03/f03_holdout_a_seed990308,EXP-MULTILEVEL-EXCEPTION-MINING-001,f03_holdout_a_seed990308,b560db1c35ad6689fd13a8312963479740604acb,1,2026-05-07T14:52:50.335142+00:00,0.3898063021906864,0.11374435732953196,holdout,F03,f03_holdout_a_seed990308,barbell/lollipop bottleneck topology with separator sensitivity; intended environment stratum: holdout,184,holdout_reserved,,1915,184,{},reserved_holdout,,990308,False,True,/home/brunoonurb/MPP/audit_reports/multilevel_exception_mining/candidate_pool/exploratory_pool_001/validation_reports/f03_holdout_a_seed990308.json,holdout_a
True,/home/brunoonurb/MPP/audit_reports/multilevel_exception_mining/candidate_pool/exploratory_pool_001/bundles/F04/f04_common_a_seed990401,EXP-MULTILEVEL-EXCEPTION-MINING-001,f04_common_a_seed990401,b560db1c35ad6689fd13a8312963479740604acb,1,2026-05-07T14:52:50.629368+00:00,0.8616149040744123,0.03,common,F04,f04_common_a_seed990401,hub or power-law topology with degree heterogeneity; intended environment stratum: common,200,generated,,597,200,{},exploratory_candidate,,990401,False,True,/home/brunoonurb/MPP/audit_reports/multilevel_exception_mining/candidate_pool/exploratory_pool_001/validation_reports/f04_common_a_seed990401.json,common_a
True,/home/brunoonurb/MPP/audit_reports/multilevel_exception_mining/candidate_pool/exploratory_pool_001/bundles/F04/f04_common_b_seed990402,EXP-MULTILEVEL-EXCEPTION-MINING-001,f04_common_b_seed990402,b560db1c35ad6689fd13a8312963479740604acb,1,2026-05-07T14:52:50.974032+00:00,0.9470891775381554,0.03,common,F04,f04_common_b_seed990402,hub or power-law topology with degree heterogeneity; intended environment stratum: common,200,generated,,597,200,{},exploratory_candidate,,990402,False,True,/home/brunoonurb/MPP/audit_reports/multilevel_exception_mining/candidate_pool/exploratory_pool_001/validation_reports/f04_common_b_seed990402.json,common_b
True,/home/brunoonurb/MPP/audit_reports/multilevel_exception_mining/candidate_pool/exploratory_pool_001/bundles/F04/f04_common_c_seed990403,EXP-MULTILEVEL-EXCEPTION-MINING-001,f04_common_c_seed990403,b560db1c35ad6689fd13a8312963479740604acb,1,2026-05-07T14:52:51.425840+00:00,0.8763062860840417,0.03,common,F04,f04_common_c_seed990403,hub or power-law topology with degree heterogeneity; intended environment stratum: common,200,generated,,597,200,{},exploratory_candidate,,990403,False,True,/home/brunoonurb/MPP/audit_reports/multilevel_exception_mining/candidate_pool/exploratory_pool_001/validation_reports/f04_common_c_seed990403.json,common_c
True,/home/brunoonurb/MPP/audit_reports/multilevel_exception_mining/candidate_pool/exploratory_pool_001/bundles/F04/f04_common_scaled_seed990404,EXP-MULTILEVEL-EXCEPTION-MINING-001,f04_common_scaled_seed990404,b560db1c35ad6689fd13a8312963479740604acb,1,2026-05-07T14:52:51.823085+00:00,1.0551015805951702,0.022277295883243838,common,F04,f04_common_scaled_seed990404,hub or power-law topology with degree heterogeneity; intended environment stratum: common,270,generated,,809,270,"{""epsilon"": 0.033, ""n"": 270}",exploratory_candidate,,990404,False,True,/home/brunoonurb/MPP/audit_reports/multilevel_exception_mining/candidate_pool/exploratory_pool_001/validation_reports/f04_common_scaled_seed990404.json,common_scaled
True,/home/brunoonurb/MPP/audit_reports/multilevel_exception_mining/candidate_pool/exploratory_pool_001/bundles/F04/f04_server_a_seed990405,EXP-MULTILEVEL-EXCEPTION-MINING-001,f04_server_a_seed990405,b560db1c35ad6689fd13a8312963479740604acb,1,2026-05-07T14:52:52.198350+00:00,0.9040432379443998,0.03,server_expanded,F04,f04_server_a_seed990405,hub or power-law topology with degree heterogeneity; intended environment stratum: server_expanded,200,generated,,597,200,{},exploratory_candidate,,990405,False,True,/home/brunoonurb/MPP/audit_reports/multilevel_exception_mining/candidate_pool/exploratory_pool_001/validation_reports/f04_server_a_seed990405.json,server_a
True,/home/brunoonurb/MPP/audit_reports/multilevel_exception_mining/candidate_pool/exploratory_pool_001/bundles/F04/f04_server_b_seed990406,EXP-MULTILEVEL-EXCEPTION-MINING-001,f04_server_b_seed990406,b560db1c35ad6689fd13a8312963479740604acb,1,2026-05-07T14:52:52.580796+00:00,0.9302003883423873,0.03,server_expanded,F04,f04_server_b_seed990406,hub or power-law topology with degree heterogeneity; intended environment stratum: server_expanded,200,generated,,597,200,{},exploratory_candidate,,990406,False,True,/home/brunoonurb/MPP/audit_reports/multilevel_exception_mining/candidate_pool/exploratory_pool_001/validation_reports/f04_server_b_seed990406.json,server_b
True,/home/brunoonurb/MPP/audit_reports/multilevel_exception_mining/candidate_pool/exploratory_pool_001/bundles/F04/f04_server_scaled_seed990407,EXP-MULTILEVEL-EXCEPTION-MINING-001,f04_server_scaled_seed990407,b560db1c35ad6689fd13a8312963479740604acb,1,2026-05-07T14:52:53.096193+00:00,1.0732804285034325,0.01720835038886615,server_expanded,F04,f04_server_scaled_seed990407,hub or power-law topology with degree heterogeneity; intended environment stratum: server_expanded,350,generated,,1051,350,"{""epsilon"": 0.036, ""n"": 350}",exploratory_candidate,,990407,False,True,/home/brunoonurb/MPP/audit_reports/multilevel_exception_mining/candidate_pool/exploratory_pool_001/validation_reports/f04_server_scaled_seed990407.json,server_scaled
True,/home/brunoonurb/MPP/audit_reports/multilevel_exception_mining/candidate_pool/exploratory_pool_001/bundles/F04/f04_holdout_a_seed990408,EXP-MULTILEVEL-EXCEPTION-MINING-001,f04_holdout_a_seed990408,b560db1c35ad6689fd13a8312963479740604acb,1,2026-05-07T14:52:54.047720+00:00,0.9504899633183268,0.03,holdout,F04,f04_holdout_a_seed990408,hub or power-law topology with degree heterogeneity; intended environment stratum: holdout,200,holdout_reserved,,597,200,{},reserved_holdout,,990408,False,True,/home/brunoonurb/MPP/audit_reports/multilevel_exception_mining/candidate_pool/exploratory_pool_001/validation_reports/f04_holdout_a_seed990408.json,holdout_a
True,/home/brunoonurb/MPP/audit_reports/multilevel_exception_mining/candidate_pool/exploratory_pool_001/bundles/F05/f05_common_a_seed990501,EXP-MULTILEVEL-EXCEPTION-MINING-001,f05_common_a_seed990501,b560db1c35ad6689fd13a8312963479740604acb,1,2026-05-07T14:52:54.541694+00:00,1.4260709326849215,0.027185929648241205,common,F05,f05_common_a_seed990501,tree plus dense-core topology with mixed local/global structure; intended environment stratum: common,200,generated,,541,200,{},exploratory_candidate,,990501,False,True,/home/brunoonurb/MPP/audit_reports/multilevel_exception_mining/candidate_pool/exploratory_pool_001/validation_reports/f05_common_a_seed990501.json,common_a
True,/home/brunoonurb/MPP/audit_reports/multilevel_exception_mining/candidate_pool/exploratory_pool_001/bundles/F05/f05_common_b_seed990502,EXP-MULTILEVEL-EXCEPTION-MINING-001,f05_common_b_seed990502,b560db1c35ad6689fd13a8312963479740604acb,1,2026-05-07T14:52:54.962042+00:00,1.3903401669467466,0.025376884422110554,common,F05,f05_common_b_seed990502,tree plus dense-core topology with mixed local/global structure; intended environment stratum: common,200,generated,,505,200,{},exploratory_candidate,,990502,False,True,/home/brunoonurb/MPP/audit_reports/multilevel_exception_mining/candidate_pool/exploratory_pool_001/validation_reports/f05_common_b_seed990502.json,common_b
True,/home/brunoonurb/MPP/audit_reports/multilevel_exception_mining/candidate_pool/exploratory_pool_001/bundles/F05/f05_common_c_seed990503,EXP-MULTILEVEL-EXCEPTION-MINING-001,f05_common_c_seed990503,b560db1c35ad6689fd13a8312963479740604acb,1,2026-05-07T14:52:55.358107+00:00,1.3992823465634852,0.026030150753768844,common,F05,f05_common_c_seed990503,tree plus dense-core topology with mixed local/global structure; intended environment stratum: common,200,generated,,518,200,{},exploratory_candidate,,990503,False,True,/home/brunoonurb/MPP/audit_reports/multilevel_exception_mining/candidate_pool/exploratory_pool_001/validation_reports/f05_common_c_seed990503.json,common_c
True,/home/brunoonurb/MPP/audit_reports/multilevel_exception_mining/candidate_pool/exploratory_pool_001/bundles/F05/f05_common_scaled_seed990504,EXP-MULTILEVEL-EXCEPTION-MINING-001,f05_common_scaled_seed990504,b560db1c35ad6689fd13a8312963479740604acb,1,2026-05-07T14:52:55.820142+00:00,1.4693830149132896,0.025691862866584057,common,F05,f05_common_scaled_seed990504,tree plus dense-core topology with mixed local/global structure; intended environment stratum: common,270,generated,,933,270,"{""core_density"": 0.33, ""epsilon"": 0.033, ""n"": 270}",exploratory_candidate,,990504,False,True,/home/brunoonurb/MPP/audit_reports/multilevel_exception_mining/candidate_pool/exploratory_pool_001/validation_reports/f05_common_scaled_seed990504.json,common_scaled
True,/home/brunoonurb/MPP/audit_reports/multilevel_exception_mining/candidate_pool/exploratory_pool_001/bundles/F05/f05_server_a_seed990505,EXP-MULTILEVEL-EXCEPTION-MINING-001,f05_server_a_seed990505,b560db1c35ad6689fd13a8312963479740604acb,1,2026-05-07T14:52:56.275218+00:00,1.3959714198561444,0.026633165829145728,server_expanded,F05,f05_server_a_seed990505,tree plus dense-core topology with mixed local/global structure; intended environment stratum: server_expanded,200,generated,,530,200,{},exploratory_candidate,,990505,False,True,/home/brunoonurb/MPP/audit_reports/multilevel_exception_mining/candidate_pool/exploratory_pool_001/validation_reports/f05_server_a_seed990505.json,server_a
True,/home/brunoonurb/MPP/audit_reports/multilevel_exception_mining/candidate_pool/exploratory_pool_001/bundles/F05/f05_server_b_seed990506,EXP-MULTILEVEL-EXCEPTION-MINING-001,f05_server_b_seed990506,b560db1c35ad6689fd13a8312963479740604acb,1,2026-05-07T14:52:56.670460+00:00,1.4068901464228787,0.025326633165829147,server_expanded,F05,f05_server_b_seed990506,tree plus dense-core topology with mixed local/global structure; intended environment stratum: server_expanded,200,generated,,504,200,{},exploratory_candidate,,990506,False,True,/home/brunoonurb/MPP/audit_reports/multilevel_exception_mining/candidate_pool/exploratory_pool_001/validation_reports/f05_server_b_seed990506.json,server_b
True,/home/brunoonurb/MPP/audit_reports/multilevel_exception_mining/candidate_pool/exploratory_pool_001/bundles/F05/f05_server_scaled_seed990507,EXP-MULTILEVEL-EXCEPTION-MINING-001,f05_server_scaled_seed990507,b560db1c35ad6689fd13a8312963479740604acb,1,2026-05-07T14:52:57.071996+00:00,1.558035701418684,0.027163323782234957,server_expanded,F05,f05_server_scaled_seed990507,tree plus dense-core topology with mixed local/global structure; intended environment stratum: server_expanded,350,generated,,1659,350,"{""core_density"": 0.36, ""epsilon"": 0.036, ""n"": 350}",exploratory_candidate,,990507,False,True,/home/brunoonurb/MPP/audit_reports/multilevel_exception_mining/candidate_pool/exploratory_pool_001/validation_reports/f05_server_scaled_seed990507.json,server_scaled
True,/home/brunoonurb/MPP/audit_reports/multilevel_exception_mining/candidate_pool/exploratory_pool_001/bundles/F05/f05_holdout_a_seed990508,EXP-MULTILEVEL-EXCEPTION-MINING-001,f05_holdout_a_seed990508,b560db1c35ad6689fd13a8312963479740604acb,1,2026-05-07T14:52:57.406242+00:00,1.3883005780547704,0.025678391959798996,holdout,F05,f05_holdout_a_seed990508,tree plus dense-core topology with mixed local/global structure; intended environment stratum: holdout,200,holdout_reserved,,511,200,{},reserved_holdout,,990508,False,True,/home/brunoonurb/MPP/audit_reports/multilevel_exception_mining/candidate_pool/exploratory_pool_001/validation_reports/f05_holdout_a_seed990508.json,holdout_a
True,/home/brunoonurb/MPP/audit_reports/multilevel_exception_mining/candidate_pool/exploratory_pool_001/bundles/F06/f06_common_a_seed990601,EXP-MULTILEVEL-EXCEPTION-MINING-001,f06_common_a_seed990601,b560db1c35ad6689fd13a8312963479740604acb,1,2026-05-07T14:52:57.734442+00:00,0.1727551497468129,0.015912698412698413,common,F06,f06_common_a_seed990601,road-like sparse topology for spatial/local separator behavior; intended environment stratum: common,225,generated,,401,225,{},exploratory_candidate,,990601,False,True,/home/brunoonurb/MPP/audit_reports/multilevel_exception_mining/candidate_pool/exploratory_pool_001/validation_reports/f06_common_a_seed990601.json,common_a
True,/home/brunoonurb/MPP/audit_reports/multilevel_exception_mining/candidate_pool/exploratory_pool_001/bundles/F06/f06_common_b_seed990602,EXP-MULTILEVEL-EXCEPTION-MINING-001,f06_common_b_seed990602,b560db1c35ad6689fd13a8312963479740604acb,1,2026-05-07T14:52:58.073964+00:00,0.1825991630264787,0.015912698412698413,common,F06,f06_common_b_seed990602,road-like sparse topology for spatial/local separator behavior; intended environment stratum: common,225,generated,,401,225,{},exploratory_candidate,,990602,False,True,/home/brunoonurb/MPP/audit_reports/multilevel_exception_mining/candidate_pool/exploratory_pool_001/validation_reports/f06_common_b_seed990602.json,common_b
True,/home/brunoonurb/MPP/audit_reports/multilevel_exception_mining/candidate_pool/exploratory_pool_001/bundles/F06/f06_common_c_seed990603,EXP-MULTILEVEL-EXCEPTION-MINING-001,f06_common_c_seed990603,b560db1c35ad6689fd13a8312963479740604acb,1,2026-05-07T14:52:58.438822+00:00,0.19010771787886982,0.015912698412698413,common,F06,f06_common_c_seed990603,road-like sparse topology for spatial/local separator behavior; intended environment stratum: common,225,generated,,401,225,{},exploratory_candidate,,990603,False,True,/home/brunoonurb/MPP/audit_reports/multilevel_exception_mining/candidate_pool/exploratory_pool_001/validation_reports/f06_common_c_seed990603.json,common_c
True,/home/brunoonurb/MPP/audit_reports/multilevel_exception_mining/candidate_pool/exploratory_pool_001/bundles/F06/f06_common_scaled_seed990604,EXP-MULTILEVEL-EXCEPTION-MINING-001,f06_common_scaled_seed990604,b560db1c35ad6689fd13a8312963479740604acb,1,2026-05-07T14:52:58.798652+00:00,0.19512690635129293,0.015833333333333335,common,F06,f06_common_scaled_seed990604,road-like sparse topology for spatial/local separator behavior; intended environment stratum: common,225,generated,,399,225,"{""epsilon"": 0.033, ""perturbation_rate"": 0.05500000000000001}",exploratory_candidate,,990604,False,True,/home/brunoonurb/MPP/audit_reports/multilevel_exception_mining/candidate_pool/exploratory_pool_001/validation_reports/f06_common_scaled_seed990604.json,common_scaled
True,/home/brunoonurb/MPP/audit_reports/multilevel_exception_mining/candidate_pool/exploratory_pool_001/bundles/F06/f06_server_a_seed990605,EXP-MULTILEVEL-EXCEPTION-MINING-001,f06_server_a_seed990605,b560db1c35ad6689fd13a8312963479740604acb,1,2026-05-07T14:52:59.139823+00:00,0.1806732736825931,0.015912698412698413,server_expanded,F06,f06_server_a_seed990605,road-like sparse topology for spatial/local separator behavior; intended environment stratum: server_expanded,225,generated,,401,225,{},exploratory_candidate,,990605,False,True,/home/brunoonurb/MPP/audit_reports/multilevel_exception_mining/candidate_pool/exploratory_pool_001/validation_reports/f06_server_a_seed990605.json,server_a
True,/home/brunoonurb/MPP/audit_reports/multilevel_exception_mining/candidate_pool/exploratory_pool_001/bundles/F06/f06_server_b_seed990606,EXP-MULTILEVEL-EXCEPTION-MINING-001,f06_server_b_seed990606,b560db1c35ad6689fd13a8312963479740604acb,1,2026-05-07T14:52:59.462467+00:00,0.19555002414080144,0.015912698412698413,server_expanded,F06,f06_server_b_seed990606,road-like sparse topology for spatial/local separator behavior; intended environment stratum: server_expanded,225,generated,,401,225,{},exploratory_candidate,,990606,False,True,/home/brunoonurb/MPP/audit_reports/multilevel_exception_mining/candidate_pool/exploratory_pool_001/validation_reports/f06_server_b_seed990606.json,server_b
True,/home/brunoonurb/MPP/audit_reports/multilevel_exception_mining/candidate_pool/exploratory_pool_001/bundles/F06/f06_server_scaled_seed990607,EXP-MULTILEVEL-EXCEPTION-MINING-001,f06_server_scaled_seed990607,b560db1c35ad6689fd13a8312963479740604acb,1,2026-05-07T14:52:59.789137+00:00,0.18322231832663308,0.015753968253968253,server_expanded,F06,f06_server_scaled_seed990607,road-like sparse topology for spatial/local separator behavior; intended environment stratum: server_expanded,225,generated,,397,225,"{""epsilon"": 0.036, ""perturbation_rate"": 0.06}",exploratory_candidate,,990607,False,True,/home/brunoonurb/MPP/audit_reports/multilevel_exception_mining/candidate_pool/exploratory_pool_001/validation_reports/f06_server_scaled_seed990607.json,server_scaled
True,/home/brunoonurb/MPP/audit_reports/multilevel_exception_mining/candidate_pool/exploratory_pool_001/bundles/F06/f06_holdout_a_seed990608,EXP-MULTILEVEL-EXCEPTION-MINING-001,f06_holdout_a_seed990608,b560db1c35ad6689fd13a8312963479740604acb,1,2026-05-07T14:53:00.104873+00:00,0.17675855507899604,0.015912698412698413,holdout,F06,f06_holdout_a_seed990608,road-like sparse topology for spatial/local separator behavior; intended environment stratum: holdout,225,holdout_reserved,,401,225,{},reserved_holdout,,990608,False,True,/home/brunoonurb/MPP/audit_reports/multilevel_exception_mining/candidate_pool/exploratory_pool_001/validation_reports/f06_holdout_a_seed990608.json,holdout_a
True,/home/brunoonurb/MPP/audit_reports/multilevel_exception_mining/candidate_pool/exploratory_pool_001/bundles/F07/f07_common_a_seed990701,EXP-MULTILEVEL-EXCEPTION-MINING-001,f07_common_a_seed990701,b560db1c35ad6689fd13a8312963479740604acb,1,2026-05-07T14:53:00.424326+00:00,0.3951788138434683,0.04394654088050314,common,F07,f07_common_a_seed990701,dense weak-signal topology for noisy cut structure; intended environment stratum: common,160,generated,0.3227924257794874,559,160,{},exploratory_candidate,,990701,False,True,/home/brunoonurb/MPP/audit_reports/multilevel_exception_mining/candidate_pool/exploratory_pool_001/validation_reports/f07_common_a_seed990701.json,common_a
True,/home/brunoonurb/MPP/audit_reports/multilevel_exception_mining/candidate_pool/exploratory_pool_001/bundles/F07/f07_common_b_seed990702,EXP-MULTILEVEL-EXCEPTION-MINING-001,f07_common_b_seed990702,b560db1c35ad6689fd13a8312963479740604acb,1,2026-05-07T14:53:00.760865+00:00,0.37345431549384134,0.045676100628930814,common,F07,f07_common_b_seed990702,dense weak-signal topology for noisy cut structure; intended environment stratum: common,160,generated,0.2736794238670937,581,160,{},exploratory_candidate,,990702,False,True,/home/brunoonurb/MPP/audit_reports/multilevel_exception_mining/candidate_pool/exploratory_pool_001/validation_reports/f07_common_b_seed990702.json,common_b
True,/home/brunoonurb/MPP/audit_reports/multilevel_exception_mining/candidate_pool/exploratory_pool_001/bundles/F07/f07_common_c_seed990703,EXP-MULTILEVEL-EXCEPTION-MINING-001,f07_common_c_seed990703,b560db1c35ad6689fd13a8312963479740604acb,1,2026-05-07T14:53:01.142868+00:00,0.34887928030032506,0.04261006289308176,common,F07,f07_common_c_seed990703,dense weak-signal topology for noisy cut structure; intended environment stratum: common,160,generated,0.3328913685815825,542,160,{},exploratory_candidate,,990703,False,True,/home/brunoonurb/MPP/audit_reports/multilevel_exception_mining/candidate_pool/exploratory_pool_001/validation_reports/f07_common_c_seed990703.json,common_c
True,/home/brunoonurb/MPP/audit_reports/multilevel_exception_mining/candidate_pool/exploratory_pool_001/bundles/F07/f07_common_scaled_seed990704,EXP-MULTILEVEL-EXCEPTION-MINING-001,f07_common_scaled_seed990704,b560db1c35ad6689fd13a8312963479740604acb,1,2026-05-07T14:53:01.510844+00:00,0.31387946232328334,0.046554694229112834,common,F07,f07_common_scaled_seed990704,dense weak-signal topology for noisy cut structure; intended environment stratum: common,216,generated,0.30684106349604345,1081,216,"{""edge_density"": 0.05500000000000001, ""epsilon"": 0.033, ""n"": 216, ""planted_signal"": 0.05500000000000001}",exploratory_candidate,,990704,False,True,/home/brunoonurb/MPP/audit_reports/multilevel_exception_mining/candidate_pool/exploratory_pool_001/validation_reports/f07_common_scaled_seed990704.json,common_scaled
True,/home/brunoonurb/MPP/audit_reports/multilevel_exception_mining/candidate_pool/exploratory_pool_001/bundles/F07/f07_server_a_seed990705,EXP-MULTILEVEL-EXCEPTION-MINING-001,f07_server_a_seed990705,b560db1c35ad6689fd13a8312963479740604acb,1,2026-05-07T14:53:01.846017+00:00,0.3827484154956063,0.04111635220125786,server_expanded,F07,f07_server_a_seed990705,dense weak-signal topology for noisy cut structure; intended environment stratum: server_expanded,160,generated,0.288329573829466,523,160,{},exploratory_candidate,,990705,False,True,/home/brunoonurb/MPP/audit_reports/multilevel_exception_mining/candidate_pool/exploratory_pool_001/validation_reports/f07_server_a_seed990705.json,server_a
True,/home/brunoonurb/MPP/audit_reports/multilevel_exception_mining/candidate_pool/exploratory_pool_001/bundles/F07/f07_server_b_seed990706,EXP-MULTILEVEL-EXCEPTION-MINING-001,f07_server_b_seed990706,b560db1c35ad6689fd13a8312963479740604acb,1,2026-05-07T14:53:02.167469+00:00,0.3189941558526489,0.04779874213836478,server_expanded,F07,f07_server_b_seed990706,dense weak-signal topology for noisy cut structure; intended environment stratum: server_expanded,160,generated,0.29106837560595566,608,160,{},exploratory_candidate,,990706,False,True,/home/brunoonurb/MPP/audit_reports/multilevel_exception_mining/candidate_pool/exploratory_pool_001/validation_reports/f07_server_b_seed990706.json,server_b
True,/home/brunoonurb/MPP/audit_reports/multilevel_exception_mining/candidate_pool/exploratory_pool_001/bundles/F07/f07_server_scaled_seed990707,EXP-MULTILEVEL-EXCEPTION-MINING-001,f07_server_scaled_seed990707,b560db1c35ad6689fd13a8312963479740604acb,1,2026-05-07T14:53:02.520451+00:00,0.25216538031850666,0.052329749103942655,server_expanded,F07,f07_server_scaled_seed990707,dense weak-signal topology for noisy cut structure; intended environment stratum: server_expanded,280,generated,0.3186256323696677,2044,280,"{""edge_density"": 0.06, ""epsilon"": 0.036, ""n"": 280, ""planted_signal"": 0.06}",exploratory_candidate,,990707,False,True,/home/brunoonurb/MPP/audit_reports/multilevel_exception_mining/candidate_pool/exploratory_pool_001/validation_reports/f07_server_scaled_seed990707.json,server_scaled
True,/home/brunoonurb/MPP/audit_reports/multilevel_exception_mining/candidate_pool/exploratory_pool_001/bundles/F07/f07_holdout_a_seed990708,EXP-MULTILEVEL-EXCEPTION-MINING-001,f07_holdout_a_seed990708,b560db1c35ad6689fd13a8312963479740604acb,1,2026-05-07T14:53:02.846791+00:00,0.37466703788430183,0.04284591194968553,holdout,F07,f07_holdout_a_seed990708,dense weak-signal topology for noisy cut structure; intended environment stratum: holdout,160,holdout_reserved,0.30864237017086105,545,160,{},reserved_holdout,,990708,False,True,/home/brunoonurb/MPP/audit_reports/multilevel_exception_mining/candidate_pool/exploratory_pool_001/validation_reports/f07_holdout_a_seed990708.json,holdout_a
True,/home/brunoonurb/MPP/audit_reports/multilevel_exception_mining/candidate_pool/exploratory_pool_001/bundles/F08/f08_common_a_seed990801,EXP-MULTILEVEL-EXCEPTION-MINING-001,f08_common_a_seed990801,b560db1c35ad6689fd13a8312963479740604acb,1,2026-05-07T14:53:03.169712+00:00,0.4015048755231142,0.05232774674115456,common,F08,f08_common_a_seed990801,balance-hard planted topology for feasibility and balance stress; intended environment stratum: common,180,generated,0.6093929633335163,843,180,{},exploratory_candidate,,990801,False,True,/home/brunoonurb/MPP/audit_reports/multilevel_exception_mining/candidate_pool/exploratory_pool_001/validation_reports/f08_common_a_seed990801.json,common_a
True,/home/brunoonurb/MPP/audit_reports/multilevel_exception_mining/candidate_pool/exploratory_pool_001/bundles/F08/f08_common_b_seed990802,EXP-MULTILEVEL-EXCEPTION-MINING-001,f08_common_b_seed990802,b560db1c35ad6689fd13a8312963479740604acb,1,2026-05-07T14:53:03.558926+00:00,0.3716877029397145,0.05524518932340161,common,F08,f08_common_b_seed990802,balance-hard planted topology for feasibility and balance stress; intended environment stratum: common,180,generated,0.6109405378108825,890,180,{},exploratory_candidate,,990802,False,True,/home/brunoonurb/MPP/audit_reports/multilevel_exception_mining/candidate_pool/exploratory_pool_001/validation_reports/f08_common_b_seed990802.json,common_b
True,/home/brunoonurb/MPP/audit_reports/multilevel_exception_mining/candidate_pool/exploratory_pool_001/bundles/F08/f08_common_c_seed990803,EXP-MULTILEVEL-EXCEPTION-MINING-001,f08_common_c_seed990803,b560db1c35ad6689fd13a8312963479740604acb,1,2026-05-07T14:53:03.905829+00:00,0.3642108221016847,0.05567970204841713,common,F08,f08_common_c_seed990803,balance-hard planted topology for feasibility and balance stress; intended environment stratum: common,180,generated,0.6237271768026458,897,180,{},exploratory_candidate,,990803,False,True,/home/brunoonurb/MPP/audit_reports/multilevel_exception_mining/candidate_pool/exploratory_pool_001/validation_reports/f08_common_c_seed990803.json,common_c
True,/home/brunoonurb/MPP/audit_reports/multilevel_exception_mining/candidate_pool/exploratory_pool_001/bundles/F08/f08_common_scaled_seed990804,EXP-MULTILEVEL-EXCEPTION-MINING-001,f08_common_scaled_seed990804,b560db1c35ad6689fd13a8312963479740604acb,1,2026-05-07T14:53:04.307447+00:00,0.40627556351171773,0.04217256742509268,common,F08,f08_common_scaled_seed990804,balance-hard planted topology for feasibility and balance stress; intended environment stratum: common,243,generated,0.6351869797086368,1240,243,"{""block_size_skew"": 0.275, ""epsilon"": 0.033, ""n"": 243, ""planted_blocks"": 6}",exploratory_candidate,,990804,False,True,/home/brunoonurb/MPP/audit_reports/multilevel_exception_mining/candidate_pool/exploratory_pool_001/validation_reports/f08_common_scaled_seed990804.json,common_scaled
True,/home/brunoonurb/MPP/audit_reports/multilevel_exception_mining/candidate_pool/exploratory_pool_001/bundles/F08/f08_server_a_seed990805,EXP-MULTILEVEL-EXCEPTION-MINING-001,f08_server_a_seed990805,b560db1c35ad6689fd13a8312963479740604acb,1,2026-05-07T14:53:04.724579+00:00,0.39275586774673316,0.05394165114835506,server_expanded,F08,f08_server_a_seed990805,balance-hard planted topology for feasibility and balance stress; intended environment stratum: server_expanded,180,generated,0.6207689486083101,869,180,{},exploratory_candidate,,990805,False,True,/home/brunoonurb/MPP/audit_reports/multilevel_exception_mining/candidate_pool/exploratory_pool_001/validation_reports/f08_server_a_seed990805.json,server_a
True,/home/brunoonurb/MPP/audit_reports/multilevel_exception_mining/candidate_pool/exploratory_pool_001/bundles/F08/f08_server_b_seed990806,EXP-MULTILEVEL-EXCEPTION-MINING-001,f08_server_b_seed990806,b560db1c35ad6689fd13a8312963479740604acb,1,2026-05-07T14:53:05.176034+00:00,0.36077638436682546,0.05487274984481688,server_expanded,F08,f08_server_b_seed990806,balance-hard planted topology for feasibility and balance stress; intended environment stratum: server_expanded,180,generated,0.6348725967936775,884,180,{},exploratory_candidate,,990806,False,True,/home/brunoonurb/MPP/audit_reports/multilevel_exception_mining/candidate_pool/exploratory_pool_001/validation_reports/f08_server_b_seed990806.json,server_b
True,/home/brunoonurb/MPP/audit_reports/multilevel_exception_mining/candidate_pool/exploratory_pool_001/bundles/F08/f08_server_scaled_seed990807,EXP-MULTILEVEL-EXCEPTION-MINING-001,f08_server_scaled_seed990807,b560db1c35ad6689fd13a8312963479740604acb,1,2026-05-07T14:53:05.655619+00:00,0.4704806493838525,0.035284602163583055,server_expanded,F08,f08_server_scaled_seed990807,balance-hard planted topology for feasibility and balance stress; intended environment stratum: server_expanded,315,generated,0.6437157330399585,1745,315,"{""block_size_skew"": 0.275, ""epsilon"": 0.036, ""n"": 315, ""planted_blocks"": 7}",exploratory_candidate,,990807,False,True,/home/brunoonurb/MPP/audit_reports/multilevel_exception_mining/candidate_pool/exploratory_pool_001/validation_reports/f08_server_scaled_seed990807.json,server_scaled
True,/home/brunoonurb/MPP/audit_reports/multilevel_exception_mining/candidate_pool/exploratory_pool_001/bundles/F08/f08_holdout_a_seed990808,EXP-MULTILEVEL-EXCEPTION-MINING-001,f08_holdout_a_seed990808,b560db1c35ad6689fd13a8312963479740604acb,1,2026-05-07T14:53:06.086853+00:00,0.3503706808844968,0.052948479205462445,holdout,F08,f08_holdout_a_seed990808,balance-hard planted topology for feasibility and balance stress; intended environment stratum: holdout,180,holdout_reserved,0.6478252742888008,853,180,{},reserved_holdout,,990808,False,True,/home/brunoonurb/MPP/audit_reports/multilevel_exception_mining/candidate_pool/exploratory_pool_001/validation_reports/f08_holdout_a_seed990808.json,holdout_a
